anchor,positive,negative
"Halo, apa kabar kamu hari ini?","Hai, kabar kamu gimana nih?","Makanan apa yang paling genit?"
"Ada rekomendasi film seru ga?","Film apa yang asik ditonton?","Cuaca hari ini panas banget ya?"
"Tebak-tebakan apa yang lucu?","Punya tebak-tebakan yang bikin ketawa ga?","Hobi kamu ngapain aja sih?"
"Apa kabar bro, lama ga ngobrol?","Yo bro, kabar lo apa?","Makan apa enak buat malam ini?"
"Cuaca hari ini kayak apa ya?","Hari ini cuacanya gimana?","Ada lagu baru yang hits ga?"
"Punya joke apa yang bikin ngakak?","Ceritain dong lelucon yang lucu!","Kamu suka main game apa?"
"Kamu lagi ngapain sekarang?","Lagi apa sih sekarang?","Makanan khas daerah apa yang enak?"
"Hai, apa rencana kamu weekend ini?","Weekend ini mau ngapain?","Pernah coba masak apa yang susah?"
"Ada ga sih lagu yang lagi ngehits?","Lagu apa yang lagi populer?","Kamu lebih suka teh atau kopi?"
"Main game apa yang seru akhir-akhir ini?","Game apa yang lagi asik dimainin?","Hari ini mood kamu gimana?"
"Kamu suka traveling ke mana?","Tempat liburan favorit kamu apa?","Ada rekomendasi podcast ga?"
"Makan apa yang cocok buat sarapan?","Sarapan apa yang enak hari ini?","Kamu tim kucing atau anjing?"
"Pernah ga sih ketawa sampe sakit perut?","Ada cerita lucu apa yang bikin ngakak?","Olahraga apa yang kamu suka?"
"Kamu tim Netflix atau YouTube?","Lebih suka nonton di Netflix atau YouTube?","Makanan pedas apa yang paling enak?"
"Hari ini mood kamu kayak apa?","Feeling kamu hari ini gimana?","Punya rekomendasi buku ga?"
"Ada ga cerita seru dari kemarin?","Kemarin ada kejadian asik apa?","Kamu suka foto pake kamera apa?"
"Kamu lebih suka laut atau gunung?","Pilih liburan ke pantai atau pegunungan?","Makan malam apa yang lagi pengen?"
"Punya hobi baru apa akhir-akhir ini?","Hobi apa yang lagi kamu tekunin?","Film horor apa yang bikin takut?"
"Apa sih makanan favorit kamu?","Makanan apa yang paling kamu suka?","Kamu pernah ke konser siapa?"
"Kamu suka ngopi di mana?","Tempat ngopi favorit kamu di mana?","Ada aplikasi baru yang seru ga?"
"Halo, udah makan siang belum?","Hai, tadi siang makan apa?","Kamu suka nyanyi lagu apa?"
"Ada ga rekomendasi podcast seru?","Podcast apa yang lagi enak didenger?","Hari ini udah olahraga belum?"
"Kamu suka baca buku apa?","Buku apa yang lagi kamu baca?","Makanan apa yang bikin kangen kampung?"
"Main di pantai atau di mall, mana yang asik?","Lebih suka main di pantai atau mall?","Pernah coba masak makanan apa?"
"Kamu pernah dengar joke apa yang absurd?","Ada lelucon aneh yang lucu ga?","Kamu suka nonton olahraga apa?"
"Hari ini pengen ngapain aja?","Rencana hari ini apa sih?","Makanan apa yang paling susah dilupain?"
"Kamu suka foto pake HP atau kamera?","Lebih suka motret pake HP atau kamera?","Ada film lawas yang bagus ga?"
"Ada ga makanan baru yang kamu coba?","Makanan apa yang baru kamu cobain?","Kamu tim pagi atau malam?"
"Kamu lebih suka teh atau kopi?","Pilih minum teh atau kopi?","Pernah ke tempat wisata apa yang unik?"
"Apa sih lagu yang bikin kamu semangat?","Lagu apa yang bikin mood naik?","Kamu suka masak apa buat keluarga?"
"Kamu suka olahraga apa?","Olahraga favorit kamu apa?","Ada cerita lucu dari temen ga?"
"Pernah ga sih nyanyi karaoke sampe serak?","Kamu pernah karaoke sampe habis suara ga?","Makanan apa yang bikin ngiler?"
"Kamu suka nonton drama Korea apa?","Drama Korea apa yang lagi kamu ikutin?","Hari ini udah minum berapa gelas?"
"Ada ga tempat nongkrong baru yang kece?","Tempat hangout baru apa yang keren?","Kamu suka berenang di mana?"
"Kamu tim kucing atau anjing?","Lebih suka pelihara kucing atau anjing?","Pernah coba makanan apa yang aneh?"
"Apa sih yang bikin kamu ketawa keras?","Hal apa yang bikin kamu ngakak?","Kamu suka main alat musik apa?"
"Kamu suka jalan-jalan ke mana?","Destinasi jalan-jalan favorit kamu apa?","Makanan apa yang cocok buat ngemil?"
"Pernah ga denger lagu yang bikin nostalgia?","Lagu apa yang bikin kangen masa lalu?","Kamu suka nonton film genre apa?"
"Kamu suka masak apa buat temen?","Masakan apa yang biasa kamu sajikan buat temen?","Hari ini udah nulis apa belum?"
"Ada ga film horor yang bikin merinding?","Film horor apa yang bikin takut?","Kamu suka ngobrolin apa sama temen?"
"Kamu lebih suka musim panas atau hujan?","Pilih musim panas atau musim hujan?","Makanan apa yang bikin mood bagus?"
"Pernah ga sih salah kirim chat?","Kamu pernah salah kirim pesan ga?","Kamu suka hiking ke mana?"
"Kamu suka nulis apa di buku harian?","Apa yang biasa kamu tulis di jurnal?","Ada rekomendasi kafe ga?"
"Ada ga makanan pedas yang kamu suka?","Makanan pedas apa yang jadi favorit?","Kamu suka main game apa di HP?"
"Kamu suka nonton konser siapa?","Konser artis mana yang pengen kamu tonton?","Hari ini udah baca berita apa?"
"Pernah ga coba hobi yang bikin deg-degan?","Hobi apa yang bikin adrenalin naik?","Makanan apa yang bikin kenyang lama?"
"Kamu suka ngedengerin musik apa?","Genre musik apa yang kamu suka?","Kamu lebih suka buah atau sayur?"
"Ada ga tempat wisata yang bikin kangen?","Tempat wisata apa yang pengen kamu kunjungi lagi?","Kamu suka nari apa?"
"Kamu suka main kartu apa?","Permainan kartu apa yang kamu suka?","Makanan apa yang cocok buat piknik?"
"Pernah ga sih lupa nama temen?","Kamu pernah lupa nama orang ga?","Kamu suka nonton dokumenter apa?"
"Kamu suka ngobrolin apa sama keluarga?","Topik apa yang asik dibahas sama keluarga?","Ada rekomendasi serial TV ga?"
"Ada ga lelucon yang bikin kamu ngakak?","Joke apa yang bikin kamu ketawa keras?","Kamu suka yoga atau gym?"
"Kamu suka belanja di mana?","Tempat belanja favorit kamu apa?","Makanan apa yang bikin ngantuk?"
"Pernah ga sih nyanyi lagu yang salah lirik?","Kamu pernah salah nyanyi lirik ga?","Kamu suka main catur atau monopoli?"
"Kamu suka nonton film apa di bioskop?","Film apa yang enak ditonton di bioskop?","Hari ini udah jalan berapa langkah?"
"Ada ga kafe yang vibes-nya asik?","Kafe apa yang suasananya keren?","Kamu suka koleksi apa?"
"Kamu suka berenang di laut atau kolam?","Lebih suka renang di laut atau kolam?","Makanan apa yang bikin nostalgia?"
"Pernah ga coba makanan yang super aneh?","Makanan paling unik yang pernah kamu coba apa?","Kamu suka nulis puisi apa?"
"Kamu suka dengerin podcast apa?","Podcast apa yang lagi kamu ikutin?","Hari ini udah makan buah belum?"
"Ada ga hobi yang bikin kamu lupa waktu?","Hobi apa yang bikin kamu keasyikan?","Kamu suka nonton sunset di mana?"
"Kamu suka main game online apa?","Game online apa yang lagi kamu mainin?","Makanan apa yang cocok buat sarapan?"
"Pernah ga sih ketawa gara-gara meme?","Meme apa yang bikin kamu ngakak?","Kamu suka naik gunung atau pantai?"
"Kamu suka nari apa pas lagi sendirian?","Tarian apa yang kamu lakuin kalo lagi sendiri?","Ada rekomendasi film animasi ga?"
"Ada ga lagu yang bikin kamu pengen joget?","Lagu apa yang bikin kamu pengen nari?","Kamu suka masak apa buat sarapan?"
"Kamu suka ngeliat bintang di mana?","Tempat apa yang asik buat lihat bintang?","Makanan apa yang bikin kangen rumah?"
"Pernah ga sih bikin video TikTok?","Kamu pernah bikin konten TikTok ga?","Kamu suka main alat musik apa?"
"Kamu suka nulis cerita apa?","Jenis cerita apa yang kamu suka tulis?","Hari ini udah minum teh belum?"
"Ada ga tempat makan yang baru buka?","Restoran baru apa yang lagi hits?","Kamu suka nonton pertandingan apa?"
"Kamu suka pakai aplikasi apa buat edit foto?","Aplikasi edit foto apa yang kamu suka?","Makanan apa yang bikin ngiler?"
"Pernah ga sih lupa hari apa sekarang?","Kamu pernah lupa hari ini hari apa ga?","Kamu suka nyanyi lagu apa?"
"Kamu suka main di taman atau pantai?","Lebih suka main di taman atau pantai?","Ada rekomendasi buku komik ga?"
"Ada ga film yang bikin kamu nangis?","Film apa yang bikin kamu mewek?","Kamu suka masak apa buat temen?"
"Kamu suka ngerjain teka-teki apa?","Teka-teki apa yang kamu suka pecahin?","Hari ini udah makan sayur belum?"
"Pernah ga sih mimpi yang super aneh?","Kamu pernah mimpi apa yang absurd?","Kamu suka ngopi di mana?"
"Kamu suka ngobrolin apa sama temen?","Topik apa yang asik dibahas sama temen?","Makanan apa yang cocok buat ngemil?"
"Ada ga lagu yang bikin kamu kangen?","Lagu apa yang bikin kamu nostalgia?","Kamu suka main game apa di PC?"
"Kamu suka jalan-jalan malam di mana?","Tempat apa yang asik buat jalan malam?","Pernah coba masakan apa yang susah?"
"Kamu suka nonton YouTube channel apa?","Channel YouTube apa yang kamu suka?","Makanan apa yang bikin mood naik?"
"Pernah ga sih bikin kue yang gagal?","Kamu pernah gagal bikin kue ga?","Kamu suka olahraga apa?"
"Kamu suka baca komik apa?","Komik apa yang lagi kamu baca?","Hari ini udah jalan-jalan belum?"
"Ada ga tempat piknik yang asik?","Tempat piknik apa yang keren?","Kamu suka nyanyi lagu apa?"
"Kamu suka main board game apa?","Board game apa yang kamu suka mainin?","Makanan apa yang bikin kangen masa kecil?"
"Pernah ga sih lupa nama lagu?","Kamu pernah lupa judul lagu ga?","Kamu suka nonton film apa?"
"Kamu suka ngedengerin radio apa?","Stasiun radio apa yang kamu suka?","Hari ini udah makan berapa kali?"
"Ada ga kafe yang punya live music?","Kafe apa yang ada musik live-nya?","Kamu suka main alat musik apa?"
"Kamu suka nulis apa di sosial media?","Apa yang biasa kamu posting di sosmed?","Makanan apa yang cocok buat sarapan?"
"Pernah ga sih ketawa sampe sesak?","Kamu pernah ngakak sampe susah napas ga?","Kamu suka jalan-jalan ke mana?"
"Kamu suka nonton acara TV apa?","Acara TV apa yang kamu suka?","Hari ini udah minum kopi belum?"
"Ada ga tempat wisata yang murah?","Tempat wisata apa yang hemat budget?","Kamu suka masak apa buat keluarga?"
"Kamu suka main game apa sama temen?","Game apa yang asik dimainin bareng temen?","Makanan apa yang bikin ngantuk?"
"Pernah ga sih salah sebut nama orang?","Kamu pernah salah manggil nama ga?","Kamu suka nari apa?"
"Kamu suka ngobrolin film apa?","Film apa yang asik dibahas?","Hari ini udah olahraga belum?"
"Ada ga lagu yang bikin kamu rileks?","Lagu apa yang bikin kamu tenang?","Kamu suka koleksi apa?"
"Kamu suka jalan-jalan pake apa?","Lebih suka jalan kaki atau naik sepeda?","Makanan apa yang bikin kenyang?"
"Pernah ga sih lupa lirik lagu?","Kamu pernah lupa lirik pas nyanyi ga?","Kamu suka nonton dokumenter apa?"
"Kamu suka ngerjain puzzle apa?","Puzzle apa yang kamu suka mainin?","Hari ini udah makan buah apa?"
"Ada ga tempat nongkrong yang Instagramable?","Tempat hangout apa yang kece buat foto?","Kamu suka nyanyi lagu apa?"
"Kamu suka main di air atau di darat?","Lebih suka main di air atau darat?","Makanan apa yang bikin nostalgia?"
"Pernah ga sih bikin prank ke temen?","Kamu pernah ngerjain temen ga?","Kamu suka masak apa buat sarapan?"
"Kamu suka nonton film animasi apa?","Film animasi apa yang kamu suka?","Hari ini udah jalan berapa langkah?"
"Ada ga lagu yang bikin kamu pengen nyanyi?","Lagu apa yang bikin kamu pengen karaoke?","Kamu suka main alat musik apa?"
"Kamu suka ngobrolin apa pas kumpul?","Topik apa yang asik pas ngumpul?","Makanan apa yang cocok buat piknik?"
"Pernah ga sih ketawa gara-gara typo?","Kamu pernah ngakak gara-gara salah ketik ga?","Kamu suka nari apa?"
"Kamu suka jalan-jalan sore di mana?","Tempat apa yang asik buat jalan sore?","Hari ini udah minum teh belum?"
"Ada ga tempat makan yang punya view bagus?","Restoran apa yang pemandangannya keren?","Kamu suka main game apa?"
"Kamu suka pakai aplikasi apa buat musik?","Aplikasi musik apa yang kamu suka?","Makanan apa yang bikin mood bagus?"
"Pernah ga sih lupa nama artis?","Kamu pernah lupa nama penyanyi ga?","Kamu suka nonton olahraga apa?"
"Kamu suka main di hutan atau pantai?","Lebih suka main di hutan atau pantai?","Hari ini udah baca buku belum?"
"Ada ga film yang bikin kamu takut?","Film apa yang bikin kamu ngeri?","Kamu suka masak apa buat temen?"
"Kamu suka ngerjain kuis apa?","Kuis apa yang kamu suka ikutin?","Makanan apa yang cocok buat ngemil?"
"Pernah ga sih mimpi yang bikin bingung?","Kamu pernah mimpi apa yang aneh?","Kamu suka ngopi di mana?"
"Kamu suka ngobrolin apa sama sahabat?","Topik apa yang asik dibahas sama bestie?","Hari ini udah olahraga belum?"
"Ada ga lagu yang bikin kamu pengen nari?","Lagu apa yang bikin kamu joget?","Kamu suka koleksi apa?"
"Kamu suka jalan-jalan pagi di mana?","Tempat apa yang asik buat jalan pagi?","Makanan apa yang bikin kangen?"
"Pernah ga sih salah denger lirik lagu?","Kamu pernah salah denger lirik ga?","Kamu suka nonton film apa?"
"Kamu suka ngerjain teka-teki silang?","Teka-teki silang apa yang kamu suka?","Hari ini udah makan sayur belum?"
"Ada ga tempat wisata yang bikin betah?","Tempat wisata apa yang bikin pengen balik?","Kamu suka nyanyi lagu apa?"
"Kamu suka main kartu apa sama keluarga?","Permainan kartu apa yang asik bareng keluarga?","Makanan apa yang bikin ngiler?"
"Pernah ga sih ketawa gara-gara iklan?","Kamu pernah ngakak gara-gara iklan ga?","Kamu suka jalan-jalan ke mana?"
"Kamu suka nonton reality show apa?","Reality show apa yang kamu suka?","Hari ini udah minum kopi belum?"
"Ada ga tempat piknik yang punya danau?","Tempat piknik apa yang ada danaunya?","Kamu suka masak apa buat sarapan?"
"Kamu suka main game apa di konsol?","Game konsol apa yang kamu suka?","Makanan apa yang cocok buat malam?"
"Pernah ga sih lupa nama film?","Kamu pernah lupa judul film ga?","Kamu suka nari apa?"
"Kamu suka ngobrolin apa pas makan?","Topik apa yang asik dibahas pas makan?","Hari ini udah jalan-jalan belum?"
"Ada ga lagu yang bikin kamu sedih?","Lagu apa yang bikin kamu mellow?","Kamu suka main alat musik apa?"
"Kamu suka jalan-jalan ke kota apa?","Kota apa yang asik buat jalan-jalan?","Makanan apa yang bikin kenyang?"
"Pernah ga sih bikin video lucu?","Kamu pernah bikin video yang ngakak ga?","Kamu suka nonton dokumenter apa?"
"Kamu suka ngerjain sudoku apa?","Sudoku apa yang kamu suka mainin?","Hari ini udah makan buah belum?"
"Ada ga kafe yang punya tema unik?","Kafe apa yang temanya kece?","Kamu suka nyanyi lagu apa?"
"Kamu suka main di gunung atau laut?","Lebih suka main di gunung atau laut?","Makanan apa yang bikin nostalgia?"
"Pernah ga sih ketawa gara-gara mimpi?","Kamu pernah ngakak gara-gara mimpi ga?","Kamu suka masak apa buat temen?"
"Kamu suka nonton film apa pas hujan?","Film apa yang asik ditonton pas hujan?","Hari ini udah jalan berapa langkah?"
"Ada ga lagu yang bikin kamu pengen jalan?","Lagu apa yang bikin kamu pengen traveling?","Kamu suka main alat musik apa?"
"Kamu suka ngobrolin apa sama tetangga?","Topik apa yang asik dibahas sama tetangga?","Makanan apa yang cocok buat piknik?"
"Pernah ga sih salah kirim email?","Kamu pernah salah kirim email ga?","Kamu suka nari apa?"
"Kamu suka jalan-jalan malam di mana?","Tempat apa yang asik buat jalan malam?","Hari ini udah minum teh belum?"
"Ada ga tempat makan yang punya live cooking?","Restoran apa yang ada live cooking-nya?","Kamu suka main game apa?"
"Kamu suka pakai aplikasi apa buat video?","Aplikasi edit video apa yang kamu suka?","Makanan apa yang bikin mood bagus?"
"Pernah ga sih lupa nama temen sekolah?","Kamu pernah lupa nama temen lama ga?","Kamu suka nonton olahraga apa?"
"Kamu suka main di taman atau hutan?","Lebih suka main di taman atau hutan?","Hari ini udah baca buku belum?"
"Ada ga film yang bikin kamu ketawa?","Film apa yang bikin kamu ngakak?","Kamu suka masak apa buat keluarga?"
"Kamu suka ngerjain kuis online apa?","Kuis online apa yang kamu suka?","Makanan apa yang cocok buat ngemil?"
"Pernah ga sih mimpi yang bikin takut?","Kamu pernah mimpi apa yang seram?","Kamu suka ngopi di mana?"
"Kamu suka ngobrolin apa sama pacar?","Topik apa yang asik dibahas sama pacar?","Hari ini udah olahraga belum?"
"Ada ga lagu yang bikin kamu pengen nyanyi?","Lagu apa yang bikin kamu pengen karaoke?","Kamu suka koleksi apa?"
"Kamu suka jalan-jalan pagi di mana?","Tempat apa yang asik buat jalan pagi?","Makanan apa yang bikin kangen?"
"Pernah ga sih salah denger nama orang?","Kamu pernah salah denger nama ga?","Kamu suka nonton film apa?"
"Kamu suka ngerjain teka-teki apa?","Teka-teki apa yang kamu suka pecahin?","Hari ini udah makan sayur belum?"
"Ada ga tempat wisata yang bikin kagum?","Tempat wisata apa yang bikin takjub?","Kamu suka nyanyi lagu apa?"
"Kamu suka main kartu apa sama temen?","Permainan kartu apa yang asik bareng temen?","Makanan apa yang bikin ngiler?"
"Pernah ga sih ketawa gara-gara video?","Kamu pernah ngakak gara-gara video ga?","Kamu suka jalan-jalan ke mana?"
"Kamu suka nonton talk show apa?","Talk show apa yang kamu suka?","Hari ini udah minum kopi belum?"
"Ada ga tempat piknik yang punya view bagus?","Tempat piknik apa yang pemandangannya keren?","Kamu suka masak apa buat sarapan?"
"Kamu suka main game apa di tablet?","Game tablet apa yang kamu suka?","Makanan apa yang cocok buat malam?"
"Pernah ga sih lupa nama kafe?","Kamu pernah lupa nama tempat nongkrong ga?","Kamu suka nari apa?"
"Kamu suka ngobrolin apa pas libur?","Topik apa yang asik dibahas pas libur?","Hari ini udah jalan-jalan belum?"
"Ada ga lagu yang bikin kamu tenang?","Lagu apa yang bikin kamu rileks?","Kamu suka main alat musik apa?"
"Kamu suka jalan-jalan ke desa apa?","Desa apa yang asik buat jalan-jalan?","Makanan apa yang bikin kenyang?"
"Pernah ga sih bikin meme lucu?","Kamu pernah bikin meme yang ngakak ga?","Kamu suka nonton dokumenter apa?"
"Kamu suka ngerjain kuis trivia apa?","Kuis trivia apa yang kamu suka?","Hari ini udah makan buah belum?"
"Ada ga kafe yang punya dekorasi unik?","Kafe apa yang dekorasinya kece?","Kamu suka nyanyi lagu apa?"
"Kamu suka main di danau atau laut?","Lebih suka main di danau atau laut?","Makanan apa yang bikin nostalgia?"
"Pernah ga sih ketawa gara-gara joke temen?","Kamu pernah ngakak gara-gara lelucon temen ga?","Kamu suka masak apa buat temen?"
"Kamu suka nonton film apa pas malam?","Film apa yang asik ditonton malam?","Hari ini udah jalan berapa langkah?"
"Ada ga lagu yang bikin kamu pengen jalan-jalan?","Lagu apa yang bikin kamu pengen liburan?","Kamu suka main alat musik apa?"
"Kamu suka ngobrolin apa sama adik?","Topik apa yang asik dibahas sama adik?","Makanan apa yang cocok buat piknik?"
"Pernah ga sih salah kirim stiker?","Kamu pernah salah kirim stiker ga?","Kamu suka nari apa?"
"Kamu suka jalan-jalan sore di mana?","Tempat apa yang asik buat jalan sore?","Hari ini udah minum teh belum?"
"Ada ga tempat makan yang punya menu unik?","Restoran apa yang menunya kece?","Kamu suka main game apa?"
"Kamu suka pakai aplikasi apa buat chat?","Aplikasi chat apa yang kamu suka?","Makanan apa yang bikin mood bagus?"
"Pernah ga sih lupa nama lagu favorit?","Kamu pernah lupa judul lagu kesukaan ga?","Kamu suka nonton olahraga apa?"
"Kamu suka main di hutan atau taman?","Lebih suka main di hutan atau taman?","Hari ini udah baca buku belum?"
"Ada ga film yang bikin kamu pengen nonton ulang?","Film apa yang bikin kamu pengen rewatch?","Kamu suka masak apa buat keluarga?"
"Kamu suka ngerjain kuis kepribadian apa?","Kuis kepribadian apa yang kamu suka?","Makanan apa yang cocok buat ngemil?"
"Pernah ga sih mimpi yang bikin ketawa?","Kamu pernah mimpi apa yang lucu?","Kamu suka ngopi di mana?"
"Kamu suka ngobrolin apa sama kakak?","Topik apa yang asik dibahas sama kakak?","Hari ini udah olahraga belum?"
"Ada ga lagu yang bikin kamu pengen nulis?","Lagu apa yang bikin kamu pengen nulis?","Kamu suka koleksi apa?"
"Kamu suka jalan-jalan pagi di mana?","Tempat apa yang asik buat jalan pagi?","Makanan apa yang bikin kangen?"
"Pernah ga sih salah denger nama lagu?","Kamu pernah salah denger judul lagu ga?","Kamu suka nonton film apa?"
"Kamu suka ngerjain teka-teki logika?","Teka-teki logika apa yang kamu suka?","Hari ini udah makan sayur belum?"
"Ada ga tempat wisata yang bikin rileks?","Tempat wisata apa yang bikin tenang?","Kamu suka nyanyi lagu apa?"
"Kamu suka main kartu apa sama pacar?","Permainan kartu apa yang asik bareng pacar?","Makanan apa yang bikin ngiler?"
"Pernah ga sih ketawa gara-gara chat?","Kamu pernah ngakak gara-gara pesan ga?","Kamu suka jalan-jalan ke mana?"
"Kamu suka nonton game show apa?","Game show apa yang kamu suka?","Hari ini udah minum kopi belum?"
"Ada ga tempat piknik yang punya hutan?","Tempat piknik apa yang ada hutannya?","Kamu suka masak apa buat sarapan?"
"Kamu suka main game apa di laptop?","Game laptop apa yang kamu suka?","Makanan apa yang cocok buat malam?"
"Pernah ga sih lupa nama restoran?","Kamu pernah lupa nama tempat makan ga?","Kamu suka nari apa?"
"Kamu suka ngobrolin apa pas ulang tahun?","Topik apa yang asik dibahas pas ulang tahun?","Hari ini udah jalan-jalan belum?"
"Ada ga lagu yang bikin kamu pengen nyanyi keras?","Lagu apa yang bikin kamu pengen nyanyi kenceng?","Kamu suka main alat musik apa?"
"Kamu suka jalan-jalan ke pulau apa?","Pulau apa yang asik buat jalan-jalan?","Makanan apa yang bikin kenyang?"
"Pernah ga sih bikin video stop motion?","Kamu pernah bikin video stop motion ga?","Kamu suka nonton dokumenter apa?"
"Kamu suka ngerjain kuis geografi apa?","Kuis geografi apa yang kamu suka?","Hari ini udah makan buah belum?"
"Ada ga kafe yang punya buku bacaan?","Kafe apa yang ada koleksi bukunya?","Kamu suka nyanyi lagu apa?"
"Kamu suka main di sungai atau laut?","Lebih suka main di sungai atau laut?","Makanan apa yang bikin nostalgia?"
"Pernah ga sih ketawa gara-gara tweet?","Kamu pernah ngakak gara-gara tweet ga?","Kamu suka masak apa buat temen?"
"Kamu suka nonton film apa pas libur?","Film apa yang asik ditonton pas libur?","Hari ini udah jalan berapa langkah?"
"Ada ga lagu yang bikin kamu pengen lari?","Lagu apa yang bikin kamu pengen olahraga?","Kamu suka main alat musik apa?"
"Kamu suka ngobrolin apa sama temen kantor?","Topik apa yang asik dibahas sama temen kantor?","Makanan apa yang cocok buat piknik?"
"Pernah ga sih salah kirim pesan suara?","Kamu pernah salah kirim voice note ga?","Kamu suka nari apa?"
"Kamu suka jalan-jalan sore di mana?","Tempat apa yang asik buat jalan sore?","Hari ini udah minum teh belum?"
"Ada ga tempat makan yang punya tema vintage?","Restoran apa yang temanya klasik?","Kamu suka main game apa?"
"Kamu suka pakai aplikasi apa buat bikin meme?","Aplikasi bikin meme apa yang kamu suka?","Makanan apa yang bikin mood bagus?"
"Pernah ga sih lupa nama acara TV?","Kamu pernah lupa nama acara TV ga?","Kamu suka nonton olahraga apa?"
"Kamu suka main di taman atau pantai?","Lebih suka main di taman atau pantai?","Hari ini udah baca buku belum?"
"Ada ga film yang bikin kamu pengen traveling?","Film apa yang bikin kamu pengen jalan-jalan?","Kamu suka masak apa buat keluarga?"
"Kamu suka ngerjain kuis sejarah apa?","Kuis sejarah apa yang kamu suka?","Makanan apa yang cocok buat ngemil?"
"Pernah ga sih mimpi yang bikin kaget?","Kamu pernah mimpi apa yang bikin kaget?","Kamu suka ngopi di mana?"
"Kamu suka ngobrolin apa sama temen kuliah?","Topik apa yang asik dibahas sama temen kuliah?","Hari ini udah olahraga belum?"
"Ada ga lagu yang bikin kamu pengen bikin video?","Lagu apa yang bikin kamu pengen bikin konten?","Kamu suka koleksi apa?"
"Kamu suka jalan-jalan pagi di mana?","Tempat apa yang asik buat jalan pagi?","Makanan apa yang bikin kangen?"
"Pernah ga sih salah denger nama film?","Kamu pernah salah denger judul film ga?","Kamu suka nonton film apa?"
"Kamu suka ngerjain teka-teki matematika?","Teka-teki matematika apa yang kamu suka?","Hari ini udah makan sayur belum?"
"Ada ga tempat wisata yang bikin tenang?","Tempat wisata apa yang bikin damai?","Kamu suka nyanyi lagu apa?"
"Kamu suka main kartu apa sama saudara?","Permainan kartu apa yang asik bareng saudara?","Makanan apa yang bikin ngiler?"
"Pernah ga sih ketawa gara-gara status?","Kamu pernah ngakak gara-gara status ga?","Kamu suka jalan-jalan ke mana?"
"Kamu suka nonton acara masak apa?","Acara masak apa yang kamu suka?","Hari ini udah minum kopi belum?"
"Ada ga tempat piknik yang punya air terjun?","Tempat piknik apa yang ada air terjunnya?","Kamu suka masak apa buat sarapan?"
"Kamu suka main game apa di smartphone?","Game smartphone apa yang kamu suka?","Makanan apa yang cocok buat malam?"
"Pernah ga sih lupa nama lagu hits?","Kamu pernah lupa judul lagu populer ga?","Kamu suka nari apa?"
"Kamu suka ngobrolin apa pas kumpul keluarga?","Topik apa yang asik dibahas pas kumpul keluarga?","Hari ini udah jalan-jalan belum?"
"Ada ga lagu yang bikin kamu pengen joget?","Lagu apa yang bikin kamu pengen nari?","Kamu suka main alat musik apa?"
"Kamu suka jalan-jalan ke gunung apa?","Gunung apa yang asik buat jalan-jalan?","Makanan apa yang bikin kenyang?"
"Pernah ga sih bikin video time lapse?","Kamu pernah bikin video time lapse ga?","Kamu suka nonton dokumenter apa?"
"Kamu suka ngerjain kuis sains apa?","Kuis sains apa yang kamu suka?","Hari ini udah makan buah belum?"
"Ada ga kafe yang punya tema alam?","Kafe apa yang temanya natural?","Kamu suka nyanyi lagu apa?"
"Kamu suka main di pantai atau sungai?","Lebih suka main di pantai atau sungai?","Makanan apa yang bikin nostalgia?"
"Pernah ga sih ketawa gara-gara podcast?","Kamu pernah ngakak gara-gara podcast ga?","Kamu suka masak apa buat temen?"
"Kamu suka nonton film apa pas weekend?","Film apa yang asik ditonton pas weekend?","Hari ini udah jalan berapa langkah?"
"Ada ga lagu yang bikin kamu pengen bikin cerita?","Lagu apa yang bikin kamu pengen nulis cerita?","Kamu suka main alat musik apa?"
"Kamu suka ngobrolin apa sama temen lama?","Topik apa yang asik dibahas sama temen lama?","Makanan apa yang cocok buat piknik?"
"Pernah ga sih salah kirim foto?","Kamu pernah salah kirim foto ga?","Kamu suka nari apa?"
"Kamu suka jalan-jalan sore di mana?","Tempat apa yang asik buat jalan sore?","Hari ini udah minum teh belum?"
"Ada ga tempat makan yang punya tema modern?","Restoran apa yang temanya kekinian?","Kamu suka main game apa?"
"Kamu suka pakai aplikasi apa buat bikin musik?","Aplikasi bikin musik apa yang kamu suka?","Makanan apa yang bikin mood bagus?"
"Pernah ga sih lupa nama penyanyi favorit?","Kamu pernah lupa nama penyanyi kesukaan ga?","Kamu suka nonton olahraga apa?"
"Kamu suka main di taman atau hutan?","Lebih suka main di taman atau hutan?","Hari ini udah baca buku belum?"
"Ada ga film yang bikin kamu pengen bikin film?","Film apa yang bikin kamu pengen jadi sutradara?","Kamu suka masak apa buat keluarga?"
"Kamu suka ngerjain kuis pop culture apa?","Kuis pop culture apa yang kamu suka?","Makanan apa yang cocok buat ngemil?"
"Pernah ga sih mimpi yang bikin penasaran?","Kamu pernah mimpi apa yang bikin kepo?","Kamu suka ngopi di mana?"
"Kamu suka ngobrolin apa sama temen sekolah?","Topik apa yang asik dibahas sama temen sekolah?","Hari ini udah olahraga belum?"
"Ada ga lagu yang bikin kamu pengen bikin puisi?","Lagu apa yang bikin kamu pengen nulis puisi?","Kamu suka koleksi apa?"
"Kamu suka jalan-jalan pagi di mana?","Tempat apa yang asik buat jalan pagi?","Makanan apa yang bikin kangen?"
"Pernah ga sih salah denger nama kafe?","Kamu pernah salah denger nama kafe ga?","Kamu suka nonton film apa?"
"Kamu suka ngerjain teka-teki kata?","Teka-teki kata apa yang kamu suka?","Hari ini udah makan sayur belum?"
"Ada ga tempat wisata yang bikin kangen rumah?","Tempat wisata apa yang bikin kangen rumah?","Kamu suka nyanyi lagu apa?"
"Kamu suka main kartu apa sama temen kantor?","Permainan kartu apa yang asik bareng temen kantor?","Makanan apa yang bikin ngiler?"
"Pernah ga sih ketawa gara-gara reels?","Kamu pernah ngakak gara-gara reels ga?","Kamu suka jalan-jalan ke mana?"
"Kamu suka nonton acara komedi apa?","Acara komedi apa yang kamu suka?","Hari ini udah minum kopi belum?"
"Ada ga tempat piknik yang punya bukit?","Tempat piknik apa yang ada bukitnya?","Kamu suka masak apa buat sarapan?"
"Kamu suka main game apa di PC?","Game PC apa yang kamu suka?","Makanan apa yang cocok buat malam?"
"Pernah ga sih lupa nama lagu karaoke?","Kamu pernah lupa judul lagu karaoke ga?","Kamu suka nari apa?"
"Kamu suka ngobrolin apa pas kumpul temen?","Topik apa yang asik dibahas pas kumpul temen?","Hari ini udah jalan-jalan belum?"
"Ada ga lagu yang bikin kamu pengen bikin video?","Lagu apa yang bikin kamu pengen bikin konten?","Kamu suka main alat musik apa?"
"Kamu suka jalan-jalan ke pantai apa?","Pantai apa yang asik buat jalan-jalan?","Makanan apa yang bikin kenyang?"
"Pernah ga sih bikin video slow motion?","Kamu pernah bikin video slow motion ga?","Kamu suka nonton dokumenter apa?"
"Kamu suka ngerjain kuis musik apa?","Kuis musik apa yang kamu suka?","Hari ini udah makan buah belum?"
"Ada ga kafe yang punya tema retro?","Kafe apa yang temanya retro?","Kamu suka nyanyi lagu apa?"
"Kamu suka main di danau atau pantai?","Lebih suka main di danau atau pantai?","Makanan apa yang bikin nostalgia?"
"Pernah ga sih ketawa gara-gara vlog?","Kamu pernah ngakak gara-gara vlog ga?","Kamu suka masak apa buat temen?"
"Kamu suka nonton film apa pas ulang tahun?","Film apa yang asik ditonton pas ulang tahun?","Hari ini udah jalan berapa langkah?"
"Ada ga lagu yang bikin kamu pengen bikin lukisan?","Lagu apa yang bikin kamu pengen melukis?","Kamu suka main alat musik apa?"
"Kamu suka ngobrolin apa sama temen baru?","Topik apa yang asik dibahas sama temen baru?","Makanan apa yang cocok buat piknik?"
"Pernah ga sih salah kirim video?","Kamu pernah salah kirim video ga?","Kamu suka nari apa?"
"Kamu suka jalan-jalan sore di mana?","Tempat apa yang asik buat jalan sore?","Hari ini udah minum teh belum?"
"Ada ga tempat makan yang punya tema futuristik?","Restoran apa yang temanya futuristik?","Kamu suka main game apa?"
"Kamu suka pakai aplikasi apa buat bikin cerita?","Aplikasi bikin cerita apa yang kamu suka?","Makanan apa yang bikin mood bagus?"
"Pernah ga sih lupa nama acara konser?","Kamu pernah lupa nama acara konser ga?","Kamu suka nonton olahraga apa?"
"Kamu suka main di taman atau sungai?","Lebih suka main di taman atau sungai?","Hari ini udah baca buku belum?"
"Ada ga film yang bikin kamu pengen bikin musik?","Film apa yang bikin kamu pengen bikin lagu?","Kamu suka masak apa buat keluarga?"
"Kamu suka ngerjain kuis film apa?","Kuis film apa yang kamu suka?","Makanan apa yang cocok buat ngemil?"
"Pernah ga sih mimpi yang bikin senyum?","Kamu pernah mimpi apa yang bikin happy?","Kamu suka ngopi di mana?"
"Kamu suka ngobrolin apa sama temen olahraga?","Topik apa yang asik dibahas sama temen olahraga?","Hari ini udah olahraga belum?"
"Ada ga lagu yang bikin kamu pengen bikin tarian?","Lagu apa yang bikin kamu pengen nari?","Kamu suka koleksi apa?"
"Kamu suka jalan-jalan pagi di mana?","Tempat apa yang asik buat jalan pagi?","Makanan apa yang bikin kangen?"
"Pernah ga sih salah denger nama acara?","Kamu pernah salah denger nama acara ga?","Kamu suka nonton film apa?"
"Kamu suka ngerjain teka-teki gambar?","Teka-teki gambar apa yang kamu suka?","Hari ini udah makan sayur belum?"
"Ada ga tempat wisata yang bikin bahagia?","Tempat wisata apa yang bikin senang?","Kamu suka nyanyi lagu apa?"
"Kamu suka main kartu apa sama temen kuliah?","Permainan kartu apa yang asik bareng temen kuliah?","Makanan apa yang bikin ngiler?"
"Pernah ga sih ketawa gara-gara story?","Kamu pernah ngakak gara-gara story ga?","Kamu suka jalan-jalan ke mana?"
"Kamu suka nonton acara musik apa?","Acara musik apa yang kamu suka?","Hari ini udah minum kopi belum?"
"Ada ga tempat piknik yang punya sawah?","Tempat piknik apa yang ada sawahnya?","Kamu suka masak apa buat sarapan?"
"Kamu suka main game apa di konsol?","Game konsol apa yang kamu suka?","Makanan apa yang cocok buat malam?"
"Pernah ga sih lupa nama lagu pop?","Kamu pernah lupa judul lagu pop ga?","Kamu suka nari apa?"
"Kamu suka ngobrolin apa pas kumpul sahabat?","Topik apa yang asik dibahas pas kumpul sahabat?","Hari ini udah jalan-jalan belum?"
"Ada ga lagu yang bikin kamu pengen bikin video?","Lagu apa yang bikin kamu pengen bikin konten?","Kamu suka main alat musik apa?"
"Kamu suka jalan-jalan ke danau apa?","Danau apa yang asik buat jalan-jalan?","Makanan apa yang bikin kenyang?"
"Pernah ga sih bikin video 360 derajat?","Kamu pernah bikin video 360 derajat ga?","Kamu suka nonton dokumenter apa?"
"Kamu suka ngerjain kuis budaya apa?","Kuis budaya apa yang kamu suka?","Hari ini udah makan buah belum?"
"Ada ga kafe yang punya tema musik?","Kafe apa yang temanya musik?","Kamu suka nyanyi lagu apa?"
"Kamu suka main di pantai atau danau?","Lebih suka main di pantai atau danau?","Makanan apa yang bikin nostalgia?"
"Pernah ga sih ketawa gara-gara komik?","Kamu pernah ngakak gara-gara komik ga?","Kamu suka masak apa buat temen?"
"Kamu suka nonton film apa pas hujan?","Film apa yang asik ditonton pas hujan?","Hari ini udah jalan berapa langkah?"
"Ada ga lagu yang bikin kamu pengen bikin puisi?","Lagu apa yang bikin kamu pengen nulis puisi?","Kamu suka main alat musik apa?"
"Kamu suka ngobrolin apa sama temen traveling?","Topik apa yang asik dibahas sama temen traveling?","Makanan apa yang cocok buat piknik?"
"Pernah ga sih salah kirim pesan grup?","Kamu pernah salah kirim pesan ke grup ga?","Kamu suka nari apa?"
"Kamu suka jalan-jalan sore di mana?","Tempat apa yang asik buat jalan sore?","Hari ini udah minum teh belum?"
"Ada ga tempat makan yang punya tema laut?","Restoran apa yang temanya laut?","Kamu suka main game apa?"
"Kamu suka pakai aplikasi apa buat bikin kolase?","Aplikasi bikin kolase apa yang kamu suka?","Makanan apa yang bikin mood bagus?"
"Pernah ga sih lupa nama festival?","Kamu pernah lupa nama festival ga?","Kamu suka nonton olahraga apa?"
"Kamu suka main di taman atau pantai?","Lebih suka main di taman atau pantai?","Hari ini udah baca buku belum?"
"Ada ga film yang bikin kamu pengen bikin cerita?","Film apa yang bikin kamu pengen nulis cerita?","Kamu suka masak apa buat keluarga?"
"Kamu suka ngerjain kuis teknologi apa?","Kuis teknologi apa yang kamu suka?","Makanan apa yang cocok buat ngemil?"
"Pernah ga sih mimpi yang bikin takjub?","Kamu pernah mimpi apa yang bikin kagum?","Kamu suka ngopi di mana?"
"Kamu suka ngobrolin apa sama temen hobi?","Topik apa yang asik dibahas sama temen hobi?","Hari ini udah olahraga belum?"
"Ada ga lagu yang bikin kamu pengen bikin lukisan?","Lagu apa yang bikin kamu pengen melukis?","Kamu suka koleksi apa?"
"Kamu suka jalan-jalan pagi di mana?","Tempat apa yang asik buat jalan pagi?","Makanan apa yang bikin kangen?"
"Pernah ga sih salah denger nama penyanyi?","Kamu pernah salah denger nama penyanyi ga?","Kamu suka nonton film apa?"
"Kamu suka ngerjain teka-teki visual?","Teka-teki visual apa yang kamu suka?","Hari ini udah makan sayur belum?"
"Ada ga tempat wisata yang bikin damai?","Tempat wisata apa yang bikin tenang?","Kamu suka nyanyi lagu apa?"
"Kamu suka main kartu apa sama temen sekolah?","Permainan kartu apa yang asik bareng temen sekolah?","Makanan apa yang bikin ngiler?"
"Pernah ga sih ketawa gara-gara meme viral?","Kamu pernah ngakak gara-gara meme viral ga?","Kamu suka jalan-jalan ke mana?"
"Kamu suka nonton acara kuis apa?","Acara kuis apa yang kamu suka?","Hari ini udah minum kopi belum?"
"Ada ga tempat piknik yang punya pemandangan laut?","Tempat piknik apa yang ada pemandangan lautnya?","Kamu suka masak apa buat sarapan?"
"Kamu suka main game apa di tablet?","Game tablet apa yang kamu suka?","Makanan apa yang cocok buat malam?"
"Pernah ga sih lupa nama lagu klasik?","Kamu pernah lupa judul lagu klasik ga?","Kamu suka nari apa?"
"Kamu suka ngobrolin apa pas kumpul keluarga besar?","Topik apa yang asik dibahas pas kumpul keluarga besar?","Hari ini udah jalan-jalan belum?"
"Ada ga lagu yang bikin kamu pengen bikin tarian?","Lagu apa yang bikin kamu pengen nari?","Kamu suka main alat musik apa?"
"Kamu suka jalan-jalan ke sungai apa?","Sungai apa yang asik buat jalan-jalan?","Makanan apa yang bikin kenyang?"
"Pernah ga sih bikin video parodi?","Kamu pernah bikin video parodi ga?","Kamu suka nonton dokumenter apa?"
"Kamu suka ngerjain kuis literatur apa?","Kuis literatur apa yang kamu suka?","Hari ini udah makan buah belum?"
"Ada ga kafe yang punya tema seni?","Kafe apa yang temanya seni?","Kamu suka nyanyi lagu apa?"
"Kamu suka main di danau atau sungai?","Lebih suka main di danau atau sungai?","Makanan apa yang bikin nostalgia?"
"Pernah ga sih ketawa gara-gara stand-up comedy?","Kamu pernah ngakak gara-gara stand-up comedy ga?","Kamu suka masak apa buat temen?"
"Kamu suka nonton film apa pas malam minggu?","Film apa yang asik ditonton pas malam minggu?","Hari ini udah jalan berapa langkah?"
"Ada ga lagu yang bikin kamu pengen bikin novel?","Lagu apa yang bikin kamu pengen nulis novel?","Kamu suka main alat musik apa?"
"Kamu suka ngobrolin apa sama temen main game?","Topik apa yang asik dibahas sama temen main game?","Makanan apa yang cocok buat piknik?"
"Pernah ga sih salah kirim pesan ke bos?","Kamu pernah salah kirim pesan ke bos ga?","Kamu suka nari apa?"
"Kamu suka jalan-jalan sore di mana?","Tempat apa yang asik buat jalan sore?","Hari ini udah minum teh belum?"
"Ada ga tempat makan yang punya tema hutan?","Restoran apa yang temanya hutan?","Kamu suka main game apa?"
"Kamu suka pakai aplikasi apa buat bikin animasi?","Aplikasi bikin animasi apa yang kamu suka?","Makanan apa yang bikin mood bagus?"
"Pernah ga sih lupa nama acara festival?","Kamu pernah lupa nama acara festival ga?","Kamu suka nonton olahraga apa?"
"Kamu suka main di taman atau danau?","Lebih suka main di taman atau danau?","Hari ini udah baca buku belum?"
"Ada ga film yang bikin kamu pengen bikin puisi?","Film apa yang bikin kamu pengen nulis puisi?","Kamu suka masak apa buat keluarga?"
"Kamu suka ngerjain kuis psikologi apa?","Kuis psikologi apa yang kamu suka?","Makanan apa yang cocok buat ngemil?"
"Pernah ga sih mimpi yang bikin baper?","Kamu pernah mimpi apa yang bikin baper?","Kamu suka ngopi di mana?"
"Kamu suka ngobrolin apa sama temen fotografi?","Topik apa yang asik dibahas sama temen fotografi?","Hari ini udah olahraga belum?"
"Ada ga lagu yang bikin kamu pengen bikin film?","Lagu apa yang bikin kamu pengen bikin film?","Kamu suka koleksi apa?"
"Kamu suka jalan-jalan pagi di mana?","Tempat apa yang asik buat jalan pagi?","Makanan apa yang bikin kangen?"
"Pernah ga sih salah denger nama lagu pop?","Kamu pernah salah denger nama lagu pop ga?","Kamu suka nonton film apa?"
"Kamu suka ngerjain teka-teki sains?","Teka-teki sains apa yang kamu suka?","Hari ini udah makan sayur belum?"
"Ada ga tempat wisata yang bikin kagum?","Tempat wisata apa yang bikin takjub?","Kamu suka nyanyi lagu apa?"
"Kamu suka main kartu apa sama temen tetangga?","Permainan kartu apa yang asik bareng temen tetangga?","Makanan apa yang bikin ngiler?"
"Pernah ga sih ketawa gara-gara video TikTok?","Kamu pernah ngakak gara-gara video TikTok ga?","Kamu suka jalan-jalan ke mana?"
"Kamu suka nonton acara petualangan apa?","Acara petualangan apa yang kamu suka?","Hari ini udah minum kopi belum?"
"Ada ga tempat piknik yang punya pemandangan gunung?","Tempat piknik apa yang ada pemandangan gunungnya?","Kamu suka masak apa buat sarapan?"
"Kamu suka main game apa di smartphone?","Game smartphone apa yang kamu suka?","Makanan apa yang cocok buat malam?"
"Pernah ga sih lupa nama lagu jazz?","Kamu pernah lupa judul lagu jazz ga?","Kamu suka nari apa?"
"Kamu suka ngobrolin apa pas kumpul komunitas?","Topik apa yang asik dibahas pas kumpul komunitas?","Hari ini udah jalan-jalan belum?"
"Ada ga lagu yang bikin kamu pengen bikin video?","Lagu apa yang bikin kamu pengen bikin konten?","Kamu suka main alat musik apa?"
"Kamu suka jalan-jalan ke pulau apa?","Pulau apa yang asik buat jalan-jalan?","Makanan apa yang bikin kenyang?"
"Pernah ga sih bikin video drone?","Kamu pernah bikin video pake drone ga?","Kamu suka nonton dokumenter apa?"
"Kamu suka ngerjain kuis sejarah apa?","Kuis sejarah apa yang kamu suka?","Hari ini udah makan buah belum?"
"Ada ga kafe yang punya tema vintage?","Kafe apa yang temanya vintage?","Kamu suka nyanyi lagu apa?"
"Kamu suka main di sungai atau danau?","Lebih suka main di sungai atau danau?","Makanan apa yang bikin nostalgia?"
"Pernah ga sih ketawa gara-gara sketsa?","Kamu pernah ngakak gara-gara sketsa ga?","Kamu suka masak apa buat temen?"
"Kamu suka nonton film apa pas hari raya?","Film apa yang asik ditonton pas hari raya?","Hari ini udah jalan berapa langkah?"
"Ada ga lagu yang bikin kamu pengen bikin cerita pendek?","Lagu apa yang bikin kamu pengen nulis cerpen?","Kamu suka main alat musik apa?"
"Kamu suka ngobrolin apa sama temen musik?","Topik apa yang asik dibahas sama temen musik?","Makanan apa yang cocok buat piknik?"
"Pernah ga sih salah kirim pesan ke grup keluarga?","Kamu pernah salah kirim pesan ke grup keluarga ga?","Kamu suka nari apa?"
"Kamu suka jalan-jalan sore di mana?","Tempat apa yang asik buat jalan sore?","Hari ini udah minum teh belum?"
"Ada ga tempat makan yang punya tema urban?","Restoran apa yang temanya urban?","Kamu suka main game apa?"
"Kamu suka pakai aplikasi apa buat bikin desain?","Aplikasi bikin desain apa yang kamu suka?","Makanan apa yang bikin mood bagus?"
"Pernah ga sih lupa nama acara musik?","Kamu pernah lupa nama acara musik ga?","Kamu suka nonton olahraga apa?"
"Kamu suka main di taman atau sungai?","Lebih suka main di taman atau sungai?","Hari ini udah baca buku belum?"
"Ada ga film yang bikin kamu pengen bikin novel?","Film apa yang bikin kamu pengen nulis novel?","Kamu suka masak apa buat keluarga?"
"Kamu suka ngerjain kuis seni apa?","Kuis seni apa yang kamu suka?","Makanan apa yang cocok buat ngemil?"
"Pernah ga sih mimpi yang bikin kangen?","Kamu pernah mimpi apa yang bikin kangen?","Kamu suka ngopi di mana?"
"Kamu suka ngobrolin apa sama temen seni?","Topik apa yang asik dibahas sama temen seni?","Hari ini udah olahraga belum?"
"Ada ga lagu yang bikin kamu pengen bikin animasi?","Lagu apa yang bikin kamu pengen bikin animasi?","Kamu suka koleksi apa?"
"Kamu suka jalan-jalan pagi di mana?","Tempat apa yang asik buat jalan pagi?","Makanan apa yang bikin kangen?"
"Pernah ga sih salah denger nama band?","Kamu pernah salah denger nama band ga?","Kamu suka nonton film apa?"
"Kamu suka ngerjain teka-teki budaya?","Teka-teki budaya apa yang kamu suka?","Hari ini udah makan sayur belum?"
"Ada ga tempat wisata yang bikin takjub?","Tempat wisata apa yang bikin kagum?","Kamu suka nyanyi lagu apa?"
"Kamu suka main kartu apa sama temen komunitas?","Permainan kartu apa yang asik bareng temen komunitas?","Makanan apa yang bikin ngiler?"
"Pernah ga sih ketawa gara-gara video lucu?","Kamu pernah ngakak gara-gara video lucu ga?","Kamu suka jalan-jalan ke mana?"
"Kamu suka nonton acara olahraga apa?","Acara olahraga apa yang kamu suka?","Hari ini udah minum kopi belum?"
"Ada ga tempat piknik yang punya pemandangan sawah?","Tempat piknik apa yang ada pemandangan sawahnya?","Kamu suka masak apa buat sarapan?"
"Kamu suka main game apa di laptop?","Game laptop apa yang kamu suka?","Makanan apa yang cocok buat malam?"
"Pernah ga sih lupa nama lagu rock?","Kamu pernah lupa judul lagu rock ga?","Kamu suka nari apa?"
"Kamu suka ngobrolin apa pas kumpul temen lama?","Topik apa yang asik dibahas pas kumpul temen lama?","Hari ini udah jalan-jalan belum?"
"Ada ga lagu yang bikin kamu pengen bikin video?","Lagu apa yang bikin kamu pengen bikin konten?","Kamu suka main alat musik apa?"
"Kamu suka jalan-jalan ke hutan apa?","Hutan apa yang asik buat jalan-jalan?","Makanan apa yang bikin kenyang?"
"Pernah ga sih bikin video lip sync?","Kamu pernah bikin video lip sync ga?","Kamu suka nonton dokumenter apa?"
"Kamu suka ngerjain kuis geografi apa?","Kuis geografi apa yang kamu suka?","Hari ini udah makan buah belum?"
"Ada ga kafe yang punya tema industrial?","Kafe apa yang temanya industrial?","Kamu suka nyanyi lagu apa?"
"Kamu suka main di pantai atau hutan?","Lebih suka main di pantai atau hutan?","Makanan apa yang bikin nostalgia?"
"Pernah ga sih ketawa gara-gara parody?","Kamu pernah ngakak gara-gara parody ga?","Kamu suka masak apa buat temen?"
"Kamu suka nonton film apa pas libur panjang?","Film apa yang asik ditonton pas libur panjang?","Hari ini udah jalan berapa langkah?"
"Ada ga lagu yang bikin kamu pengen bikin sketsa?","Lagu apa yang bikin kamu pengen nulis sketsa?","Kamu suka main alat musik apa?"
"Kamu suka ngobrolin apa sama temen kuliner?","Topik apa yang asik dibahas sama temen kuliner?","Makanan apa yang cocok buat piknik?"
"Pernah ga sih salah kirim pesan ke grup kantor?","Kamu pernah salah kirim pesan ke grup kantor ga?","Kamu suka nari apa?"
"Kamu suka jalan-jalan sore di mana?","Tempat apa yang asik buat jalan sore?","Hari ini udah minum teh belum?"
"Ada ga tempat makan yang punya tema tradisional?","Restoran apa yang temanya tradisional?","Kamu suka main game apa?"
"Kamu suka pakai aplikasi apa buat bikin video?","Aplikasi bikin video apa yang kamu suka?","Makanan apa yang bikin mood bagus?"
"Pernah ga sih lupa nama acara seni?","Kamu pernah lupa nama acara seni ga?","Kamu suka nonton olahraga apa?"
"Kamu suka main di taman atau hutan?","Lebih suka main di taman atau hutan?","Hari ini udah baca buku belum?"
"Ada ga film yang bikin kamu pengen bikin lagu?","Film apa yang bikin kamu pengen bikin lagu?","Kamu suka masak apa buat keluarga?"
"Kamu suka ngerjain kuis musik apa?","Kuis musik apa yang kamu suka?","Makanan apa yang cocok buat ngemil?"
"Pernah ga sih mimpi yang bikin bahagia?","Kamu pernah mimpi apa yang bikin senang?","Kamu suka ngopi di mana?"
"Kamu suka ngobrolin apa sama temen traveling?","Topik apa yang asik dibahas sama temen traveling?","Hari ini udah olahraga belum?"
"Ada ga lagu yang bikin kamu pengen bikin desain?","Lagu apa yang bikin kamu pengen bikin desain?","Kamu suka koleksi apa?"
"Kamu suka jalan-jalan pagi di mana?","Tempat apa yang asik buat jalan pagi?","Makanan apa yang bikin kangen?"
"Pernah ga sih salah denger nama lagu klasik?","Kamu pernah salah denger nama lagu klasik ga?","Kamu suka nonton film apa?"
"Kamu suka ngerjain teka-teki logika apa?","Teka-teki logika apa yang kamu suka?","Hari ini udah makan sayur belum?"
"Ada ga tempat wisata yang bikin senang?","Tempat wisata apa yang bikin bahagia?","Kamu suka nyanyi lagu apa?"
"Kamu suka main kartu apa sama temen kantor?","Permainan kartu apa yang asik bareng temen kantor?","Makanan apa yang bikin ngiler?"
"Pernah ga sih ketawa gara-gara video prank?","Kamu pernah ngakak gara-gara video prank ga?","Kamu suka jalan-jalan ke mana?"
"Kamu suka nonton acara kuliner apa?","Acara kuliner apa yang kamu suka?","Hari ini udah minum kopi belum?"
"Ada ga tempat piknik yang punya pemandangan danau?","Tempat piknik apa yang ada pemandangan danaunya?","Kamu suka masak apa buat sarapan?"
"Kamu suka main game apa di PC?","Game PC apa yang kamu suka?","Makanan apa yang cocok buat malam?"
"Pernah ga sih lupa nama lagu populer?","Kamu pernah lupa judul lagu populer ga?","Kamu suka nari apa?"
"Kamu suka ngobrolin apa pas kumpul temen kuliah?","Topik apa yang asik dibahas pas kumpul temen kuliah?","Hari ini udah jalan-jalan belum?"
"Ada ga lagu yang bikin kamu pengen bikin video?","Lagu apa yang bikin kamu pengen bikin konten?","Kamu suka main alat musik apa?"
"Kamu suka jalan-jalan ke pantai apa?","Pantai apa yang asik buat jalan-jalan?","Makanan apa yang bikin kenyang?"
"Pernah ga sih bikin video vlog?","Kamu pernah bikin video vlog ga?","Kamu suka nonton dokumenter apa?"
"Kamu suka ngerjain kuis sains apa?","Kuis sains apa yang kamu suka?","Hari ini udah makan buah belum?"
"Ada ga kafe yang punya tema modern?","Kafe apa yang temanya modern?","Kamu suka nyanyi lagu apa?"
"Kamu suka main di sungai atau pantai?","Lebih suka main di sungai atau pantai?","Makanan apa yang bikin nostalgia?"
"Pernah ga sih ketawa gara-gara meme lucu?","Kamu pernah ngakak gara-gara meme lucu ga?","Kamu suka masak apa buat temen?"
"Kamu suka nonton film apa pas akhir tahun?","Film apa yang asik ditonton pas akhir tahun?","Hari ini udah jalan berapa langkah?"
"Ada ga lagu yang bikin kamu pengen bikin puisi?","Lagu apa yang bikin kamu pengen nulis puisi?","Kamu suka main alat musik apa?"
"Kamu suka ngobrolin apa sama temen fotografi?","Topik apa yang asik dibahas sama temen fotografi?","Makanan apa yang cocok buat piknik?"
"Pernah ga sih salah kirim pesan ke temen?","Kamu pernah salah kirim pesan ke temen ga?","Kamu suka nari apa?"
"Kamu suka jalan-jalan sore di mana?","Tempat apa yang asik buat jalan sore?","Hari ini udah minum teh belum?"
"Ada ga tempat makan yang punya tema alam?","Restoran apa yang temanya alam?","Kamu suka main game apa?"
"Kamu suka pakai aplikasi apa buat bikin musik?","Aplikasi bikin musik apa yang kamu suka?","Makanan apa yang bikin mood bagus?"
"Pernah ga sih lupa nama acara olahraga?","Kamu pernah lupa