fallback,Hari ini panas banget ya, bikin gerah.  
fallback,Kok mendung terus sih, kayaknya bakal hujan.  
fallback,Anginnya kenceng banget hari ini, pohon pada goyang.  
fallback,Semoga besok cerah, pengen jalan-jalan.  
fallback,Aku suka hujan, tapi males kalo banjir.  
fallback,Kamu suka main game apa di waktu luang?  
fallback,Aku lagi nyoba melukis, ternyata seru.  
fallback,Olahraga apa yang paling kamu suka?  
fallback,Film horor bikin jantungan, tapi nagih.  
fallback,Musik apa yang enak buat santai?  
fallback,Udah nonton film baru yang lagi hits belum?  
fallback,Liburan ke pantai emang paling asyik.  
fallback,Makanan pedas sih enak, tapi perutku sensitif.  
fallback,Teknologi sekarang canggih banget ya.  
fallback,Kamu lebih suka bangun pagi atau malam?  
fallback,Warna favoritku biru, adem di mata.  
fallback,Kamu pelihara hewan apa di rumah?  
fallback,Buku sejarah lagi seru nih buat dibaca.  
fallback,Lebih suka kopi apa teh?  
fallback,Pengen banget belajar bahasa asing, seru kayaknya.  
fallback,Liburan tahun ini mau ke mana?  
fallback,Drama Korea emang bikin baper.  
fallback,Pernah coba masak rendang? Susah tapi worth it.  
fallback,Lagi coba diet, tapi godaan banyak banget.  
fallback,Podcast apa yang seru buat didengerin?  
fallback,Pengen punya kamera canggih buat hunting foto.  
fallback,Kamu tim Android apa iPhone?  
fallback,Lagu-lagu indie emang beda vibes-nya.  
fallback,Punya koleksi apa yang unik di rumah?  
fallback,Lagi belajar coding, pusing tapi asyik.  
fallback,Anime apa yang lagi kamu ikutin?  
fallback,Pengen bikin taman kecil di balkon.  
fallback,Pernah coba main golf? Kayaknya elit.  
fallback,Es krim coklat emang nggak pernah salah.  
fallback,Kamu punya berapa saudara?  
fallback,Serial detektif emang bikin penasaran.  
fallback,Bunga apa yang paling cantik menurutmu?  
fallback,Pengen belajar dansa, kayanya seru banget.  
fallback,Pernah main piano nggak?  
fallback,Pantai yang sepi tuh bikin hati tenang.  
fallback,Hobi fotografi emang nguras dompet ya.  
fallback,Lagi coba bikin kue, gagal mulu.  
fallback,Film aksi tuh bikin adrenalin naik.  
fallback,Pengen ke gunung, udaranya seger banget.  
fallback,Pernah main bulu tangkis sama temen?  
fallback,Lagu pop emang easy listening banget.  
fallback,Koleksi buku di rumah udah numpuk nih.  
fallback,Lagi bikin website, ribet tapi puas.  
fallback,Drama romantis emang bikin hati bergetar.  
fallback,Liburan ke Jepang kayanya seru banget.  
fallback,Pernah coba bikin sushi sendiri?  
fallback,Es teh manis emang penutup hari yang pas.  
fallback,Hewan apa yang lucu buat dipelihara?  
fallback,Novel fantasi emang bikin imajinasi liar.  
fallback,Kopi susu apa kopi hitam yang lebih enak?  
fallback,Bahasa Mandarin kayanya susah banget dipelajari.  
fallback,Liburan ke luar negeri masuk wishlist nggak?  
fallback,Drama Korea komedi emang bikin ngakak.  
fallback,Steak buatan sendiri rasanya gimana ya?  
fallback,Diet keto susah banget dilupain cemilan.  
fallback,Podcast teknologi lagi booming nih.  
fallback,Kamera mirrorless emang cakep buat vlog.  
fallback,Kamu pake Samsung apa iPhone?  
fallback,Lagu rock bikin semangat banget.  
fallback,Koleksi action figure tuh mahal ya.  
fallback,Belajar Python seru tapi bikin otak panas.  
fallback,Anime shonen emang penuh aksi.  
fallback,Pengen punya kebun kecil di halaman.  
fallback,Pernah main tenis apa belum?  
fallback,Es krim vanila simpel tapi enak.  
fallback,Saudaramu tinggal di mana aja?  
fallback,Serial komedi emang obat stres.  
fallback,Bunga mawar emang klasik tapi cantik.  
fallback,Belajar salsa kayanya asik banget.  
fallback,Pernah nyanyi sambil main gitar?  
fallback,Pantai yang rame emang seru buat ramean.  
fallback,Hobi masak apa yang lagi kamu tekuni?  
fallback,Bikin roti ternyata butuh kesabaran.  
fallback,Film dokumenter bikin banyak insight.  
fallback,Liburan ke desa kayanya damai banget.  
fallback,Pernah coba voli bareng temen?  
fallback,Lagu dangdut emang bikin goyang.  
fallback,Komik apa yang lagi kamu baca?  
fallback,Bikin aplikasi tuh impian banget.  
fallback,Drama Thailand emang beda ceritanya.  
fallback,Pengen ke Eropa, arsitekturnya cakep.  
fallback,Pernah bikin pasta dari nol?  
fallback,Es kopi emang bikin mata melek.  
fallback,Punya anjing apa kucing di rumah?  
fallback,Novel thriller emang bikin tegang.  
fallback,Kopi robusta apa arabika yang lebih pahit?  
fallback,Bahasa Prancis kayanya romantis banget.  
fallback,Liburan ke pantai mana yang paling asik?  
fallback,Drama Korea action emang seru banget.  
fallback,Pernah masak pizza pake oven?  
fallback,Diet vegan kayanya penuh tantangan.  
fallback,Podcast bisnis bikin mikir jauh.  
fallback,Kamera DSLR emang juara buat foto.  
fallback,Kamu pilih Xiaomi apa Oppo?  
fallback,Lagu reggae emang santai banget.  
fallback,Koleksi boneka lucu nggak sih?  
fallback,Belajar Java bikin kepala pening.  
fallback,Anime slice of life emang calming.  
fallback,Taman bunga di rumah kayanya cakep.  
fallback,Pernah coba sepak bola bareng geng?  
fallback,Es krim stroberi manisnya pas banget.  
fallback,Saudara kembar tuh ada nggak?  
fallback,Serial drama emang bikin nagih.  
fallback,Bunga tulip emang elegan banget.  
fallback,Belajar hip-hop kayanya keren abis.  
fallback,Pernah coba main biola nggak?  
fallback,Pantai berpasir putih emang impian.  
fallback,Hobi berkebun emang bikin rileks.  
fallback,Bikin donat ternyata nggak gampang.  
fallback,Film komedi emang bikin hari ceria.  
fallback,Liburan ke danau kayanya tenang banget.  
fallback,Pernah main basket sama keluarga?  
fallback,Lagu klasik emang punya jiwa sendiri.  
fallback,Koleksi poster film ada berapa?  
fallback,Bikin game sendiri kayanya seru banget.  
fallback,Drama Jepang emang punya ciri khas.  
fallback,Pengen ke Australia, liat kangguru.  
fallback,Pernah coba bikin ramen sendiri?  
fallback,Es jeruk emang segarkan tenggorokan.  
fallback,Hewan peliharaanmu takut air nggak?  
fallback,Novel romansa emang bikin hati lumer.  
fallback,Kopi latte apa cappuccino yang lebih creamy?  
fallback,Bahasa Jerman kayanya tegas banget.  
fallback,Liburan ke gunung masuk rencana nggak?  
fallback,Drama Korea sedih emang bikin mewek.  
fallback,Pernah bikin lasagna dari awal?  
fallback,Diet rendah karbo bikin laper cepet.  
fallback,Podcast kesehatan emang bermanfaat banget.  
fallback,Kamera action emang cocok buat petualang.  
fallback,Kamu tim Huawei apa Vivo?  
fallback,Lagu hip-hop emang bikin kepala goyang.  
fallback,Koleksi perangko tuh hobi klasik ya.  
fallback,Belajar C++ bikin otak berasap.  
fallback,Anime isekai emang bikin penasaran.  
fallback,Taman herbal di rumah kayanya wangi.  
fallback,Pernah main futsal sama temen kantor?  
fallback,Es krim mint emang bikin segar mulut.  
fallback,Saudaramu suka jalan-jalan nggak?  
fallback,Serial sci-fi emang bikin takjub.  
fallback,Bunga lavender emang bikin tenang.  
fallback,Belajar ballroom dance kayanya anggun.  
fallback,Pernah denger suara drum live?  
fallback,Pantai yang bersih emang bikin betah.  
fallback,Hobi menulis apa yang lagi kamu dalemin?  
fallback,Bikin brownies ternyata butuh trik.  
fallback,Film thriller emang bikin deg-degan.  
fallback,Liburan ke hutan kayanya misterius.  
fallback,Pernah coba main kriket nggak?  
fallback,Lagu folk emang punya cerita dalam.  
fallback,Koleksi vinyl tuh retro banget ya.  
fallback,Bikin robot kayanya futuristik abis.  
fallback,Drama China emang epik ceritanya.  
fallback,Pengen ke Amerika, liat Hollywood.  
fallback,Pernah masak dimsum pake bambu?  
fallback,Es teh tarik emang unik rasanya.  
fallback,Hewan peliharaanmu suka main apa?  
fallback,Novel misteri emang bikin takut-takut seru.  
fallback,Kopi espresso apa americano yang lebih strong?  
fallback,Bahasa Spanyol kayanya ceria banget.  
fallback,Liburan ke danau mana yang bagus?  
fallback,Drama Korea fantasi emang bikin kagum.  
fallback,Pernah coba bikin sate sendiri?  
fallback,Diet paleo bikin kangen nasi.  
fallback,Podcast sains emang bikin pinter.  
fallback,Kamera polaroid emang cakep buat nostalgia.  
fallback,Kamu pilih Sony apa LG?  
fallback,Lagu blues emang soulful banget.  
fallback,Koleksi koin kuno tuh langka ya.  
fallback,Belajar PHP bikin bingung tapi seru.  
fallback,Anime mecha emang penuh teknologi.  
fallback,Taman buah di rumah kayanya produktif.  
fallback,Pernah main voli pantai nggak?  
fallback,Es krim coklat chip emang nagih.  
fallback,Saudaramu jauh di mana aja?  
fallback,Serial horor emang bikin merinding.  
fallback,Bunga anggrek emang eksotis banget.  
fallback,Belajar tango kayanya sensual abis.  
fallback,Pernah main saksofon belum?  
fallback,Pantai berbatu emang punya pesona.  
fallback,Hobi mendaki gunung emang melelahkan tapi puas.  
fallback,Bikin cupcake ternyata detail banget.  
fallback,Film animasi emang bikin hati ringan.  
fallback,Liburan ke pulau kayanya asik banget.  
fallback,Pernah main polo bareng temen?  
fallback,Lagu country emang bikin nostalgia.  
fallback,Koleksi DVD film numpuk di rak.  
fallback,Bikin chatbot kayanya bikin pusing tapi seru.  
fallback,Drama Turki emang penuh emosi.  
fallback,Pengen ke Kanada, alamnya cakep banget.  
fallback,Pernah coba masak pho ala Vietnam?  
fallback,Es kopi hitam emang bikin fokus.  
fallback,Punya ikan hias di akuarium nggak?  
fallback,Novel distopia emang bikin mikir keras.  
fallback,Kopi moka apa tubruk yang lebih kental?  
fallback,Bahasa Arab kayanya penuh makna.  
fallback,Liburan ke gurun masuk bucket list nggak?  
fallback,Drama Korea supernatural emang bikin takjub.  
fallback,Pernah masak bakso kuah sendiri?  
fallback,Diet rendah lemak bikin takut ngemil.  
fallback,Podcast olahraga emang bikin semangat.  
fallback,Kamera underwater emang cakep buat diving.  
fallback,Kamu tim Acer apa Dell?  
fallback,Lagu soul emang bikin hati bergetar.  
fallback,Koleksi piringan hitam tuh vintage banget.  
fallback,Belajar Swift bikin otak muter.  
fallback,Anime sports emang bikin deg-degan.  
fallback,Taman succulent emang minimalis cakep.  
fallback,Pernah main softball sama temen?  
fallback,Es krim cookies and cream emang juara.  
fallback,Saudaramu ada yang di luar negeri nggak?  
fallback,Serial kriminal emang bikin tegang.  
fallback,Bunga peony emang manis banget.  
fallback,Belajar breakdance kayanya bikin lincah.  
fallback,Pernah coba main harpa belum?  
fallback,Pantai berombak besar emang seru.  
fallback,Hobi berenang emang bikin sehat.  
fallback,Bikin tiramisu ternyata ribet banget.  
fallback,Film biografi emang bikin terharu.  
fallback,Liburan ke sawah kayanya damai banget.  
fallback,Pernah main baseball bareng geng?  
fallback,Lagu R&B emang bikin santai.  
fallback,Koleksi kaset lama masih nyanyi nggak?  
fallback,Bikin AI kayanya masa depan banget.  
fallback,Drama Taiwan emang punya twist seru.  
fallback,Pengen ke Islandia, liat aurora.  
fallback,Pernah coba masak bibimbap ala Korea?  
fallback,Es teh hijau emang bikin segar.  
fallback,Hewan peliharaanmu jinak nggak?  
fallback,Novel petualangan emang bikin penasaran.  
fallback,Kopi vietnam apa turki yang lebih unik?  
fallback,Bahasa Portugis kayanya asik banget.  
fallback,Liburan ke pegunungan emang sejuk.  
fallback,Drama Korea misteri emang bikin mikir.  
fallback,Pernah coba bikin rendang Padang?  
fallback,Diet whole30 bikin kangen ngopi manis.  
fallback,Podcast ekonomi emang bikin melek.  
fallback,Kamera medium format emang pro banget.  
fallback,Kamu pilih HP apa Toshiba?  
fallback,Lagu funk emang bikin goyang.  
fallback,Koleksi prangko tua tuh berharga ya.  
fallback,Belajar Kotlin bikin pusing tapi asyik.  
fallback,Anime horror emang bikin bulu kuduk berdiri.  
fallback,Taman zen emang bikin pikiran tenang.  
fallback,Pernah main squash bareng temen?  
fallback,Es krim salted caramel emang kekinian.  
fallback,Saudaramu suka masak nggak?  
fallback,Serial perang emang bikin takjub.  
fallback,Bunga sakura emang romantis banget.  
fallback,Belajar flamenco kayanya penuh gairah.  
fallback,Pernah main xylophone belum?  
fallback,Pantai berpasir hitam emang unik.  
fallback,Hobi panjat tebing emang penuh adrenalin.  
fallback,Bikin macaron ternyata susah minta ampun.  
fallback,Film sejarah emang bikin belajar banyak.  
fallback,Liburan ke sungai kayanya seru banget.  
fallback,Pernah main polo air bareng temen?  
fallback,Lagu gospel emang bikin hati damai.  
fallback,Koleksi kaset VHS tuh nostalgia banget.  
fallback,Bikin machine learning kayanya cerdas abis.  
fallback,Drama Spanyol emang penuh drama.  
fallback,Pengen ke Norwegia, liat fjord-nya.  
fallback,Pernah masak paella ala Spanyol?  
fallback,Es kopi latte emang bikin hari ceria.  
fallback,Punya burung hantu di rumah nggak?  
fallback,Novel fiksi ilmiah emang bikin kagum.  
fallback,Kopi irish apa mocha yang lebih manis?  
fallback,Bahasa Swahili kayanya eksotis banget.  
fallback,Liburan ke savana emang liar banget.  
fallback,Drama Korea historis emang megah.  
fallback,Pernah coba masak gulai daging?  
fallback,Diet flexitarian bikin bingung milih menu.  
fallback,Podcast budaya emang bikin kaya wawasan.  
fallback,Kamera film emang bikin foto klasik.  
fallback,Kamu tim MSI apa Gigabyte?  
fallback,Lagu disco emang bikin pengen dansa.  
fallback,Koleksi uang kuno tuh langka banget.  
fallback,Belajar Rust bikin otak panas banget.  
fallback,Anime psychological emang bikin mikir keras.  
fallback,Taman vertikal emang cakep di apartemen.  
fallback,Pernah main badminton sama keluarga?  
fallback,Es krim bubblegum emang bikin nostalgia.  
fallback,Saudaramu suka traveling nggak?  
fallback,Serial politik emang bikin serius.  
fallback,Bunga aster emang ceria warnanya.  
fallback,Belajar krump kayanya penuh energi.  
fallback,Pernah coba main akordeon belum?  
fallback,Pantai berpasir merah emang langka.  
fallback,Hobi paralayang emang bikin jantungan.  
fallback,Bikin eclair ternyata butuh ketelitian.  
fallback,Film musikal emang bikin hati riang.  
fallback,Liburan ke air terjun kayanya seger.  
fallback,Pernah main sepak bola Amerika nggak?  
fallback,Lagu punk emang bikin rebel banget.  
fallback,Koleksi bola basket ada berapa?  
fallback,Bikin AR kayanya futuristic abis.  
fallback,Drama Brasil emang penuh gairah.  
fallback,Pengen ke Argentina, liat tango asli.  
fallback,Pernah masak feijoada ala Brasil?  
fallback,Es kopi karamel emang bikin ketagihan.  
fallback,Punya tarantula di rumah nggak?  
fallback,Novel gotik emang bikin suasana gelap.  
fallback,Kopi macchiato apa cortado yang lebih ringan?  
fallback,Bahasa Yunani kayanya kuno banget.  
fallback,Liburan ke padang rumput emang luas banget.  
fallback,Drama Korea slice of life emang hangat.  
fallback,Pernah coba masak soto ayam?  
fallback,Diet raw food bikin kangen makanan mateng.  
fallback,Podcast filsafat emang bikin dalem mikir.  
fallback,Kamera pinhole emang bikin foto artsy.  
fallback,Kamu tim Corsair apa SteelSeries?  
fallback,Lagu ambient emang bikin rileks banget.  
fallback,Koleksi fosil tuh bikin penasaran ya.  
fallback,Belajar Elixir bikin otak muter-muter.  
fallback,Anime comedy emang bikin ngakak abis.  
fallback,Taman air di rumah kayanya seru banget.  
fallback,Pernah main polo kuda nggak?  
fallback,Es krim blueberry emang bikin lidah ungu.  
fallback,Saudaramu ada yang di kota besar nggak?  
fallback,Serial hukum emang bikin tegang.  
fallback,Bunga hydrangea emang cakep banget.  
fallback,Belajar popping kayanya unik abis.  
fallback,Pernah main harmonika di tongkrongan?  
fallback,Pantai berpasir kuning emang ceria.  
fallback,Hobi selam emang bikin takjub bawah laut.  
fallback,Bikin crepe ternyata tipis banget susahnya.  
fallback,Film eksperimental emang bikin bingung tapi artsy.  
fallback,Liburan ke hutan hujan kayanya basah banget.  
fallback,Pernah main sepak takraw nggak?  
fallback,Lagu new wave emang bikin nostalgia 80-an.  
fallback,Koleksi bola golf numpuk di gudang nggak?  
fallback,Bikin blockchain kayanya canggih abis.  
fallback,Drama Kolombia emang penuh intrik.  
fallback,Pengen ke Chili, liat gurun Atacama.  
fallback,Pernah masak ceviche ala Peru?  
fallback,Es teh peach emang bikin segar banget.  
fallback,Punya kura-kura di rumah nggak?  
fallback,Novel surealis emang bikin imajinasi liar.  
fallback,Kopi turkish apa greek yang lebih kental?  
fallback,Bahasa Turki kayanya penuh karakter.  
fallback,Liburan ke stepa emang luas banget pemandangannya.  
fallback,Drama Korea romcom emang bikin senyum-senyum.  
fallback,Pernah coba masak rawon daging?  
fallback,Diet detox bikin badan ringan tapi laper.  
fallback,Podcast sejarah emang bikin kaya ilmu.  
fallback,Kamera lomography emang bikin foto vintage.  
fallback,Kamu tim BenQ apa ViewSonic?  
fallback,Lagu shoegaze emang bikin melayang.  
fallback,Koleksi meteorit tuh langka banget ya.  
fallback,Belajar Clojure bikin otak panas banget.  
fallback,Anime ecchi emang bikin awkward nontonnya.  
fallback,Taman indoor emang bikin rumah sejuk.  
fallback,Pernah main polo salju nggak?  
fallback,Es krim peppermint emang bikin dingin tenggorokan.  
fallback,Saudaramu suka ngopi bareng nggak?  
fallback,Serial thriller psikologis emang bikin takut.  
fallback,Bunga camellia emang manis banget warnanya.  
fallback,Belajar locking kayanya seru banget.  
fallback,Pernah coba main sitar India?  
fallback,Pantai berpasir halus emang bikin betah jalan.  
fallback,Hobi skydiving emang bikin jantungan banget.  
fallback,Bikin mille-feuille ternyata susah minta ampun.  
fallback,Film avant-garde emang bikin mikir keras.  
fallback,Liburan ke tundra kayanya dingin banget.  
fallback,Pernah main hurling ala Irlandia?  
fallback,Lagu post-punk emang bikin moody banget.  
fallback,Koleksi bola tenis ada berapa biji?  
fallback,Bikin cryptocurrency kayanya cerdas abis.  
fallback,Drama Venezuela emang penuh emosi.  
fallback,Pengen ke Peru, liat Machu Picchu.  
fallback,Pernah masak empanada ala Amerika Latin?  
fallback,Es kopi vanilla emang bikin hari manis.  
fallback,Punya iguana di rumah nggak?  
fallback,Novel realisme magis emang bikin kagum.  
fallback,Kopi kopi luwak apa Kenya yang lebih mahal?  
fallback,Bahasa Bengali kayanya penuh puisi.  
fallback,Liburan ke taiga emang liar banget.  
fallback,Drama Korea melodrama emang bikin nangis.  
fallback,Pernah coba masak gudeg Jogja?  
fallback,Diet macrobiotic bikin bingung menu harian.  
fallback,Podcast psikologi emang bikin introspeksi.  
fallback,Kamera tilt-shift emang bikin foto unik.  
fallback,Kamu tim Epson apa Canon?  
fallback,Lagu dream pop emang bikin melayang jauh.  
fallback,Koleksi mineral tuh bikin penasaran ya.  
fallback,Belajar Scala bikin otak berputar cepet.  
fallback,Anime seinen emang bikin mikir dalem.  
fallback,Taman terrarium emang cakep buat dekor.  
fallback,Pernah main polo es bareng temen?  
fallback,Es krim hazelnut emang bikin nagih banget.  
fallback,Saudaramu ada yang suka baca nggak?  
fallback,Serial biopik emang bikin terinspirasi.  
fallback,Bunga azalea emang ceria banget warnanya.  
fallback,Belajar waacking kayanya eksentrik abis.  
fallback,Pernah coba main zither belum?  
fallback,Pantai berpasir kasar emang punya tekstur unik.  
fallback,Hobi bungee jumping emang bikin deg-degan.  
fallback,Bikin opera cake ternyata butuh sabar banget.  
fallback,Film neo-noir emang bikin suasana gelap.  
fallback,Liburan ke hutan mangrove kayanya seru.  
fallback,Pernah main sepak bola pantai nggak?  
fallback,Lagu math rock emang bikin otak ikut muter.  
fallback,Koleksi bola bowling ada berapa ya?  
fallback,Bikin IoT kayanya bikin rumah cerdas.  
fallback,Drama Argentina emang penuh passion.  
fallback,Pengen ke Bolivia, liat Salar de Uyuni.  
fallback,Pernah masak arepa ala Venezuela?  
fallback,Es teh mint emang bikin segar tenggorokan.  
fallback,Punya axolotl di akuarium nggak?  
fallback,Novel surealis emang bikin dunia terbalik.  
fallback,Kopi kopi luwak apa Jamaika yang lebih eksotis?  
fallback,Bahasa Tagalog kayanya ceria banget.  
fallback,Liburan ke hutan tropis emang penuh petualangan.  
fallback,Drama Korea coming-of-age emang bikin nostalgia.  
fallback,Pernah coba masak pecel khas Jawa?  
fallback,Diet alkaline bikin bingung pilih sayur.  
fallback,Podcast lingkungan emang bikin peduli bumi.  
fallback,Kamera stereoscopic emang bikin foto 3D.  
fallback,Kamu tim Brother apa Lexmark?  
fallback,Lagu trip hop emang bikin suasana chill.  
fallback,Koleksi geodes tuh bikin takjub ya.  
fallback,Belajar Erlang bikin otak panas banget.  
fallback,Anime josei emang bikin hati tersentuh.  
fallback,Taman aquascape emang bikin rumah hidup.  
fallback,Pernah main polo udara nggak?  
fallback,Es krim lavender emang bikin tenang.  
fallback,Saudaramu ada yang suka masak nggak?  
fallback,Serial antologi emang bikin penasaran tiap episode.  
fallback,Bunga magnolia emang anggun banget.  
fallback,Belajar house dance kayanya groovy abis.  
fallback,Pernah coba main gamelan Jawa?  
fallback,Pantai berpasir merah muda emang langka banget.  
fallback,Hobi terjun payung emang bikin jantung copot.  
fallback,Bikin baklava ternyata manis banget hasilnya.  
fallback,Film mockumentary emang bikin ngakak sampe sakit perut.  
fallback,Liburan ke kota kecil kayanya damai banget.  
fallback,Pernah main sepak bola dalam ruangan nggak?  
fallback,Lagu post-rock emang bikin hanyut banget.  
fallback,Koleksi bola voli numpuk di garasi nggak?  
fallback,Bikin drone kayanya canggih banget.  
fallback,Drama Uruguay emang jarang tapi menarik.  
fallback,Pengen ke Ekuador, liat kepulauan Galapagos.  
fallback,Pernah masak tamales ala Meksiko?  
fallback,Es kopi hazelnut emang bikin hari ceria.  
fallback,Punya landak mini di rumah nggak?  
fallback,Novel epik emang bikin takjub sama ceritanya.  
fallback,Kopi kopi luwak apa Kolombia yang lebih bold?  
fallback,Bahasa Tamil kayanya penuh warna budaya.  
fallback,Liburan ke hutan boreal emang dingin banget.  
fallback,Drama Korea legal emang bikin kagum sama hukum.  
fallback,Pernah coba masak sate lilit Bali?  
fallback,Diet carnivore bikin kangen sayuran.  
fallback,Podcast astronomi emang bikin takjub sama langit.  
fallback,Kamera pinhole digital emang bikin foto beda.  
fallback,Kamu tim Wacom apa Huion?  
fallback,Lagu noise rock emang bikin telinga berdengung.  
fallback,Koleksi kristal tuh cakep banget ya.  
fallback,Belajar F# bikin otak muter cepet banget.  
fallback,Anime iyashikei emang bikin hati tenang.  
fallback,Taman xeriscape emang cocok buat hemat air.  
fallback,Pernah main polo es bareng temen nggak?  
fallback,Es krim earl grey emang bikin penasaran rasanya.  
fallback,Saudaramu suka ngobrol panjang nggak?  
fallback,Serial satire emang bikin ketawa sinis.  
fallback,Bunga plumeria emang wangi banget.  
fallback,Belajar vogue kayanya fierce abis.  
fallback,Pernah coba main marimba di acara?  
fallback,Pantai berpasir emas emang bikin hati ceria.  
fallback,Hobi paralayang motor emang bikin deg-degan.  
fallback,Bikin cannoli ternyata butuh sabar banget.  
fallback,Film found footage emang bikin takut tapi seru.  
fallback,Liburan ke bukit kayanya damai banget.  
fallback,Pernah main sepak bola gaya bebas nggak?  
fallback,Lagu mathcore emang bikin otak ikut ngebut.  
fallback,Koleksi bola rugby ada di rumah nggak?  
fallback,Bikin robotika kayanya bikin pinter banget.  
fallback,Drama Paraguay emang jarang tapi menarik.  
fallback,Pengen ke Kolombia, coba kopi aslinya.  
fallback,Pernah masak arepas pake jagung?  
fallback,Es teh elderflower emang bikin lidah senang.  
fallback,Punya sugar glider di rumah nggak?  
fallback,Novel metafiksi emang bikin bingung tapi cerdas.  
fallback,Kopi kopi luwak apa Etiopia yang lebih fruity?  
fallback,Bahasa Urdu kayanya penuh makna banget.  
fallback,Liburan ke hutan pinus emang sejuk banget.  
fallback,Drama Korea noir emang bikin tegang banget.  
fallback,Pernah coba masak nasi liwet pake kastrol?  
fallback,Diet fruitarian bikin kangen makanan gurih.  
fallback,Podcast mitologi emang bikin takjub sama cerita lama.  
fallback,Kamera holografik emang bikin foto futuristik.  
fallback,Kamu tim Autodesk apa Adobe?  
fallback,Lagu drone emang bikin suasana dalam banget.  
fallback,Koleksi obsidian tuh bikin takjub ya.  
fallback,Belajar Dart bikin pusing tapi seru banget.  
fallback,Anime moe emang bikin hati gemes.  
fallback,Taman paludarium emang bikin rumah unik.  
fallback,Pernah main polo motor bareng temen?  
fallback,Es krim saffron emang bikin penasaran rasanya.  
fallback,Saudaramu suka nonton film bareng nggak?  
fallback,Serial komedi satire emang bikin ngakak cerdas.  
fallback,Bunga wisteria emang cakep banget jatuhnya.  
fallback,Belajar twerk kayanya bikin lincah banget.  
fallback,Pernah coba main theremin di studio?  
fallback,Pantai berpasir putih emang bikin hati tenang.  
fallback,Hobi wingsuit flying emang bikin jantung copot.  
fallback,Bikin choux pastry ternyata susah banget dilupain.  
fallback,Film dogma 95 emang bikin mikir keras.  
fallback,Liburan ke pedesaan kayanya damai banget.  
fallback,Pernah main sepak bola robot nggak?  
fallback,Lagu vaporwave emang bikin nostalgia digital.  
fallback,Koleksi bola sepak numpuk di gudang nggak?  
fallback,Bikin quantum computing kayanya bikin otak meledak.  
fallback,Drama Guatemala emang punya cerita unik.  
fallback,Pengen ke Panama, liat kanalnya langsung.  
fallback,Pernah masak pupusas ala El Salvador?  
fallback,Es kopi almond emang bikin hari ceria banget.  
fallback,Punya chinchilla di rumah nggak?  
fallback,Novel picaresque emang bikin penasaran petualangannya.  
fallback,Kopi kopi luwak apa Kosta Rika yang lebih smooth?  
fallback,Bahasa Malayalam kayanya penuh budaya banget.  
fallback,Liburan ke hutan amazon emang liar banget.  
fallback,Drama Korea slice of life emang bikin hati hangat.  
fallback,Pernah coba masak nasi kuning pake kunyit?  
fallback,Diet lacto-ovo bikin kangen daging banget.  
fallback,Podcast antropologi emang bikin kaya wawasan manusia.  
fallback,Kamera plenoptik emang bikin foto canggih banget.  
fallback,Kamu tim Unity apa Unreal Engine?  
fallback,Lagu glitch emang bikin suasana aneh tapi asik.  
fallback,Koleksi geodes di rumah bikin takjub nggak?  
fallback,Belajar Groovy bikin otak muter tapi seru.  
fallback,Anime yuri emang bikin hati bergetar halus.  
fallback,Taman vertikal emang bikin rumah modern banget.  
fallback,Pernah main polo sepeda motor bareng geng?  
fallback,Es krim rose emang bikin lidah senang banget.  
fallback,Saudaramu suka ngumpul bareng nggak?  
fallback,Serial mockumentary emang bikin ketawa ngakak.